tweet,trimmed
anus,anus
arse,arse
ass,as
balls,bals
ballsack,balsck
bastard,bastrd
biatch,biatch
bitch,bitch
bloody,blody
blow job,blow job
blowjob,blowj
bollock,bolck
bollok,bolk
boner,boner
boob,bo
bugger,buger
bum,bum
butt,but
buttplug,butplg
clitoris,clitors
cock,cok
coon,con
crap,crap
cunt,cunt
dick,dick
dildo,dilo
dyke,dyke
f u c k,f u c k
fag,fag
feck,feck
felching,felching
fellate,felat
fellatio,felatio
flange,flange
fuck,fuck
fudge packer,fudge packer
fudgepacker,fudgepackr
homo,hom
jerk,jerk
jizz,jiz
knob end,knob end
knobend,knobed
labia,labi
muff,muf
nigga,niga
nigger,niger
penis,penis
piss,pis
poop,po
prick,prick
pube,pube
pussy,pusy
s hit,s hit
scrotum,scrotum
sex,sex
sh1t,sh1t
shit,shit
slut,slut
smegma,smega
spunk,spunk
tit,ti
turd,turd
twat,twa
vagina,vagin
wank,wank
whore,whore
wtf,wtf
asshole,ashole
bollocks,bolcks
brotherfucker,brothefuck
bullshit,bulshit
child-fucker,child-fuker
cocksucker,coksuer
effing,efing
fatherfucker,fatheruck
frigger,frige
godsdamn,godsamn
holy shit,holy shit
horseshit,horseit
in shit,shit
motherfucker,motherfuck
shit ass,shit as
sisterfucker,siterfuck
son of a bitch,son bitch
son of a whore,son whore
jigaboo,jigabo
asslover,aslover
queaf,queaf
whitetrash,whiteras
meatrack,meatrck
pimp,pim
urine,urine
randy,randy
herpes,herps
niglet,niglet
pudboy,pudboy
rimming,rimng
pornography,porngahy
poop chute,po chute
dong,dong
slanteye,slantey
muffdiving,mufdivng
jiggabo,jigabo
assassination,asinto
popimp,poim
girl on,girl
testicles,tesicl
laid,laid
molestor,molestr
peni5,peni5
tranny,trany
barface,barfce
arsehole,arsehol
pissed,pised
conspiracy,conspiray
cunilingus,cunilgs
bitcher,bitcher
pee,pe
niggled,nigled
muffindiver,mufindver
cocksman,coksman
scag,scag
aroused,aroused
niggling,nigl
fingerfucker,fingeruck
nlggor,nlgor
niggaz,nigaz
assfuck,asfuck
urinate,urinate
mothafucked,mothafucked
gummer,gumer
spaghettinigger,spaghetinr
fuckers,fuckers
jizzim,jizm
tramp,tramp
quashie,quashie
hardon,hardon
bukkake,bukae
shag,shag
raped,raped
buggery,bugery
weenie,weni
lickme,lickme
reverse cowgirl,revs cowgirl
tonguetramp,tongueramp
cum,cum
copulate,copulate
schlong,schlong
cunn,cun
damnit,damnit
crackpipe,crakpie
buttmuncher,butmncher
cameltoe,camelto
camgirl,camgirl
hotpussy,hotpusy
cuntfucker,cuntfker
slave,slave
sluts,slut
ball licking,bal lickng
hentai,hentai
jackshit,jackshit
dickman,dickman
doo-doo,do-
gook,gok
shitdick,shitdck
slapper,slaper
urinary,urinay
nookie,nokie
fuckedup,fuckedp
gubba,guba
niggur,nigur
cybersex,cybersx
dicklicker,dickler
cunillingus,cunilgs
hitlerism,hitlersm
triplex,triplex
busty,busty
dicklick,dickl
kunilingus,kunilgs
tonguethrust,tonguehrs
fistfucking,fistuckng
assmonkey,asmonkey
cockknob,coknb
koon,kon
shat,shat
footfucker,fotucker
blonde action,blonde action
spitter,spiter
cumm,cum
cuntlicking,cuntlikg
sexy-slim,sexy-lim
vibrater,vibrate
upskirt,upskirt
fuckfriend,fuckriend
mothafucka,mothafuck
buttfuckers,butfckers
nutfucker,nutfcker
peehole,pehol
erection,erction
nudity,nudity
bast,bast
lesbayn,lesbayn
hummer,humer
shortfuck,shortfuck
cherrypopper,cherypo
adult,adult
pussylips,pusyli
nooner,noer
blumpkin,blumpkin
stiffy,stify
piss pig,pis pig
beastiality,beastily
butchbabes,butchaes
gross,gros
xxx,x
crackwhore,crakwhoe
butt-fuckers,but-fckers
kraut,kraut
pooping,poing
style doggy,style dogy
lactate,lacte
fecal,fecal
rusty trombone,rusty trombne
spigotty,spigoty
dink,dink
clogwog,clogw
whitey,whitey
slaughter,slaughter
bollick,bolick
sodomite,sodmite
nimphomania,nimphoa
ball gag,bal ga
poof,pof
muff diver,muf diver
beaver,beavr
asspirate,aspirte
bareback,bareck
pimpjuice,pimjuce
bi-sexual,bi-sexual
limey,limey
nookey,nokey
breastman,breastmn
lesbo,lesbo
beatyourmeat,beatyourm
lovemaking,lovemaking
munt,munt
fornicate,fornicate
wet dream,wet dream
double penetration,double pentraio
missionary position,misonary positn
lovejuice,lovejuic
eatballs,eatbls
handjob,handjob
nlgger,nlger
dixiedyke,dixeyk
junglebunny,jungleby
sonofabitch,sonfabitch
goddamned,godamne
deep throat,dep throa
jism,jism
assclown,asclown
shitforbrains,shitforban
screwyou,screwyou
nastyslut,nastylu
gang bang,gan bang
lubejob,lubejo
make me come,make come
rimjob,rimjob
sexfarm,sexfarm
tight white,tigh white
lezbe,lezb
lezbo,lezbo
tribadism,tribadsm
butt-bang,but-ang
asskiss,aski
sadism,sadim
biteme,bitem
abortion,abortin
murderer,murde
sextoy,sextoy
doggy style,dogy style
cunntt,cunt
cooly,coly
ball sack,bal sack
sodom,sodm
slideitin,slidetn
fatfuck,fatuck
felatio,felatio
libido,libdo
cuntfuck,cuntfk
niggardly,nigardly
fuckface,fuckae
faggot,fagot
trailertrash,trailesh
headfuck,headfuck
shav,shav
dickweed,dickwe
trannie,tranie
giant cock,giant cok
sexhound,sexhound
titlover,tilover
black cock,black cok
idiot,idot
tortur,toru
erotic,erotic
dirty pillows,dirty pilows
cockcowboy,cokwby
sucker,sucker
hymen,hymen
vibr,vibr
terrorist,terois
mufflikcer,muflikcer
phonesex,phonesx
pisshead,pishead
slime,slime
brea5t,brea5t
tea bagging,tea bagin
slutt,slut
cumbubble,cumble
blackout,blackout
hijacking,hijackng
premature,prematu
sextogo,sextog
racist,racist
jimfish,jimfsh
flydye,flyde
juggs,jugs
jade,jade
wigger,wiger
niggard's,nigard's
jigg,jig
devilworshipper,devilworshp
gatorbait,gatorbi
fastfuck,fastuck
spik,spik
nuke,nuke
bastinado,bastindo
kondum,kondum
pansy,pansy
ikey,ikey
women rapping,women raping
titfucker,tifucker
swinger,swinger
shitola,shitola
pimpsimp,pims
strap on,strap
zigabo,zigabo
bisexual,bisexual
boobies,boies
kafir,kafir
dp action,dp action
jugs,jugs
homoerotic,homertic
twinkie,twinke
spooge,spoge
kink,kin
sleezebag,slezbag
gay,gay
slutwhore,slutwhore
dickless,dickles
cumfest,cumfest
fuk,fuk
niggardliness,nigardles
nigr,nigr
goddamit,godamit
sandnigger,sandiger
dope,dope
insest,inset
foreskin,foreskin
acrotomophilia,acrotmphil
dumbbitch,dumbitch
fuckmonkey,fuckmoney
pubiclice,pubicle
cyberslimer,cyberslim
titfuck,tifuck
cummer,cumer
kumquat,kumqat
one guy one jar,one guy one jar
sexo,sexo
carruth,caruth
cocktease,cokteas
trisexual,trisexual
pric,pric
cunnilingus,cunilgs
dipshit,dipsht
transvestite,transvei
penile,penil
mothafuckings,mothafuckings
peckerwood,peckrwod
negroid,negroid
genital,genital
gangbanger,ganber
queef,quef
strapon,strapon
thicklips,thicklps
female squirting,femal squirtng
flydie,flydie
crabs,crabs
ejaculate,ejacult
carpet muncher,carpet muncher
lucifer,lucifer
butchdyke,butchdyke
vatican,vaticn
skumbag,skumbag
eunuch,eunch
dickforbrains,dickforbans
bondage,bondage
kumbullbe,kumble
crack,crak
niggerhole,nigerhol
niggard,nigard
rosy palm,rosy palm
assranger,asrnge
beat-off,beat-of
asspuppies,aspuie
jiggerboo,jigerbo
cuntlick,cuntlik
pommie,pomie
doggie style,dogie style
lezz,lez
feltch,feltch
pleasure chest,pleasur chest
wetback,wetback
zipperhead,ziperhad
necro,necro
goddamnmuthafucker,godamnuthfcker
whiskeydick,whiskeydc
turnon,turno
nofuckingway,nofuckigway
mastrabator,mastrbo
jack off,jack
orgies,orgies
pisses,pise
blow j,blow j
cockqueen,cokquen
snownigger,snowiger
holestuffer,holestufr
dipstick,dipstck
mofo,mof
nipplering,niplerg
palesimian,palesimn
genitals,genitals
jebus,jebus
bullcrap,bulcrap
cumqueen,cumqen
spread legs,spread legs
cancer,caner
mocky,mocky
suckmytit,suckmyti
vorarephilia,voraephil
naked,naked
shited,shited
spermhearder,spermhad
lovebone,lovebn
spreadeagle,spreadgl
coprolagnia,coprlagni
humping,humping
suicide girls,suicde girls
bong,bong
pole smoker,pole smoker
shrimping,shrimpng
purinapricness,purinaces
sexslave,sexlav
big knockers,big knocers
iblowu,iblowu
pissin,pisn
skank,skan
easyslut,easylut
mothafucker,mothafucker
whiz,whiz
lsd,lsd
cocksucked,coksued
hosejob,hosejb
wanker,wanker
cumjockey,cumjokey
eat my ass,eat as
lovegoo,loveg
whites,whites
sexwhore,sexwhor
welcher,welchr
phuked,phuked
suckoff,suckof
shithapens,shitapen
erotic,erotic
sultry women,sultry women
barenaked,barenkd
wetspot,wetspo
wrapping men,wraping men
jiggy,jigy
shitfit,shitf
huge fat,huge fat
bulldyke,buldyke
orgasm,orgasm
bumfuck,bumfck
big breasts,big breast
sexual,sexual
japanese,japnes
suckmyass,suckmya
goyim,goyim
bohunk,bohunk
bigass,bigas
fannyfucker,fanyucker
gaymuthafuckinwhore,gaymuthfckinwore
fuck buttons,fuck butons
fagging,fagin
pisser,piser
sandm,sandm
wog,wog
escort,escort
octopussy,octpusy
tinkle,tinkle
snigger,sniger
groe,groe
vibrator,vibrato
asslicker,aslicker
molester,molestr
backseat,backset
seppo,sepo
sexually,sexualy
boong,bong
voyeur,voyeur
butthole,buthole
hoser,hoser
asswhore,aswhore
cocaine,coaine
skanky,skany
mothafuck,mothafuck
titlicker,tilcker
buttstain,butsain
penises,penis
spermacide,spermacid
skankybitch,skanybitch
white power,white power
puddboy,pudboy
coondog,condg
stripclub,stripclub
mockie,mockie
tushy,tushy
kumbubble,kumble
milf,milf
mormon,morn
ontherag,ontherag
henhouse,henous
slutty,sluty
dego,dego
daterape,daterp
phukked,phuked
cuntlicker,cuntliker
lezbefriends,lezbfrinds
pissing,pisng
bitchy,bitchy
pohm,pohm
kigger,kiger
nastywhore,nastywhore
bangbros,bangros
upthebutt,uptheb
cohee,cohe
fistfuck,fistuck
fuckingbitch,fuckingbth
shibari,shibar
cigs,cigs
jiggaboo,jigabo
japcrap,japcr
raper,rape
jackass,jacks
orgasim,orgasim
sexed,sexd
jackoff,jackof
baby batter,bay bater
tampon,tampon
porn,porn
snowballing,snowbalig
goldenshower,goldenshwr
titties,ties
towelhead,towelhad
titjob,tijob
molestation,molestain
fok,fok
crapola,crapol
foursome,foursme
cumming,cuming
niggerhead,nigerhad
pussie,pusie
analannie,anlie
cocksucking,coksuing
breastjob,breastjo
blonde on blonde action,blonde blonde action
paedophile,paedohil
kumming,kuming
reestie,resti
suckme,suckme
willie,wile
titbitnipply,tibnply
hot chick,hot chik
skankwhore,skanwhore
dragqueen,dragquen
deapthroat,deapthro
barelylegal,barelyg
circlejerk,cirlejk
shinola,shinola
hookers,hokers
flatulence,flatuenc
scat,scat
gokkun,gokun
argie,argie
buttpirate,butpirae
goregasm,goreasm
fagot,fagot
fuks,fuks
redneck,rednck
jiga,jiga
cockhead,cokhead
freakfuck,freakuc
2 girls 1 cup,2 girls 1 cup
crotchjockey,crothjkey
dripdick,dripck
fuckina,fuckina
orgy,orgy
phungky,phungky
beaver cleaver,beavr cleavr
sexy,sexy
darky,darky
magicwand,magicwnd
dominatrix,dominatrx
butt-fucker,but-fcker
neonazi,neoazi
fuckpig,fuckpig
manpaste,manpste
molest,molest
whiskydick,whiskydc
darkie,darkie
rearend,reand
niggardliness's,nigardles'
smack,smack
lapdance,lapdnce
brunette action,brunet action
hindoo,hindo
fourtwenty,fourtweny
deepthroat,depthroa
pommy,pomy
fuckher,fuckher
stringer,stringe
one cup two girls,one cup two girls
peck,peck
backdoorman,backdormn
male squirting,male squirtng
shiting,shitng
clamdiver,clamdiver
pussylicker,pusylicker
slav,slav
nigre,nigre
robber,robe
horny,horny
penetration,pentraio
phuking,phuking
dyefly,dyefl
playboy,playbo
golden shower,golden shower
cumshot,cumshot
pickaninny,pickany
diddle,dile
suckdick,suckdi
bigbastard,bigastrd
mosshead,moshead
pornking,pornkig
pimper,pimer
fuckbuddy,fuckbdy
g-spot,g-spot
doodoo,do
prickhead,prickhead
pussyeater,pusyeatr
cocksmith,coksmith
niggarding,nigard
weewee,we
phone sex,phone sex
fuckhead,fuckhead
smackthemonkey,smacktheony
badfuck,badfuck
harem,harem
bastardo,bastrdo
pissoff,pisof
fistfucked,fistucked
ginzo,ginzo
mattressprincess,matrespinc
undressing,undresig
fuckable,fuckable
puss,pus
bbw,bw
damnation,damntio
jeez,jez
stroking,stroking
yankee,yanke
piky,piky
beastality,beastliy
cocksucer,coksuer
poopchute,pochute
shitfaced,shitfaced
dickhead,dickhea
gangbanged,ganbed
masterbate,masterb
pikey,pikey
doggiestyle,dogiestyl
bitches,bitches
pansies,pansie
dickbrain,dickbran
sissy,siy
felch,felch
horney,horney
buttmunch,butmnch
baptist,baptis
fingering,finger
osama,osam
mothafucking,mothafucking
freefuck,freuck
transexual,transexul
bunghole,bunghole
assholes,ashole
butt-fuck,but-fck
nig nog,nig nog
snowback,snowback
gangbang,ganb
cockfight,cokfight
skankbitch,skanbitch
masturbate,masturbe
babeland,baelnd
dickwad,dickwa
cornhole,cornhle
nigra,nigra
fuckinright,fuckinrght
clit,clit
niggle,nigle
timbernigger,timberng
picaninny,picany
whorefucker,whorefuck
grostulation,grostulain
dixiedike,dixek
shitfucker,shitfucker
hymie,hymie
sheeney,sheny
asswipe,aswipe
femdom,femdo
footfuck,fotuck
sonofbitch,sonfbitch
dahmer,dahmer
feltcher,feltchr
fingerfuckers,fingerucks
buttface,butface
lovepistol,lovepist
twink,twink
reefer,ref
beaver lips,beavr lips
motherlovebone,motherlvbn
panties,panties
fucka,fucka
fatass,fats
lugan,lugan
pornflick,pornflick
thirdleg,thirdleg
hore,hore
jerk off,jerk
negroes,negros
moron,morn
shaved beaver,shaved beavr
gonzagas,gonzas
drunken,drunke
blackman,blackmn
asskisser,askier
crotchrot,croth
motherfuckin,motherfuckin
lezzo,lezo
fondle,fondle
slopey,slopey
clusterfuck,clusterfk
fister,fister
skankfuck,skanfuc
condom,condm
taff,taf
shithouse,shitoue
cockblock,cokbl
hoes,hoes
horniest,horniest
kunt,kunt
facefucker,faceukr
assmuncher,asmuncher
smut,smut
stupidfuck,stupidfck
assmunch,asmunch
prostitute,prostiue
payo,payo
honkey,honkey
farting,farting
getiton,getion
bulldike,buldike
raping,raping
moky,moky
futanari,futanri
hardcore,hardcoe
skinflute,skinflute
throating,throaing
asspacker,aspcker
raghead,raghed
crotch,croth
goo girl,go girl
knobbing,knobig
buttman,butman
glazeddonut,glazedonut
urethra play,uretha play
fuckmehard,fuckmehard
shaved pussy,shaved pusy
bitchin,bitchn
cocks,coks
fucker,fucker
gyppie,gypie
kinkster,kinster
erect,erct
shitfull,shitful
vaginal,vaginl
fraud,fraud
flasher,flasher
filipino,filpno
sexpot,sexpot
sexymoma,sexymoa
boonie,bonie
puke,puke
buttcheeks,butcheks
cacker,caker
bdsm,bdsm
shemale,shemal
porchmonkey,porchmnkey
eatme,eatm
virgin,virgn
assbagger,asbger
limy,limy
negro's,negro's
lesbian,lesbian
hustler,hustler
cunteyed,cunteyd
tarbaby,tarby
nipples,niples
dumbfuck,dumbfck
wuzzie,wuzie
sadom,sadom
threeway,threway
pimpjuic,pimjuc
pubes,pubes
masturbating,masturbing
bunga,bunga
sodomize,sodmize
footstar,fotsar
chink,chink
butthead,buthead
spermbag,spermbag
jailbait,jailbt
beatoff,beatof
incest,incest
urophilia,urophila
niggarded,nigarde
rearentry,reanty
motherfucking,motherfucking
spic,spic
areola,areol
greaseball,greasbl
loverocket,loverckt
asshore,ashore
perv,perv
fingerfood,fingerod
shaggin,shagin
commie,comie
hitler,hitler
honky,honky
fubar,fubar
oral,oral
sniggering,sniger
bomb,bom
pedophile,pedohil
spig,spig
freakyfucker,freakyuc
swallower,swaloer
birdlock,birdlock
bigbutt,bigut
nastyho,nastyho
sucks,suck
puntang,puntag
gay sex,gay sex
bootycall,botycal
enema,enma
spankthemonkey,spankthemoy
buggered,bugerd
jewish,jewish
wuss,wus
asslick,aslick
bitching,bitchng
strip club,strip club
gringo,grino
pendy,pendy
tard,tard
boody,body
buttfuck,butfck
faeces,faecs
splittail,splita
clamdigger,clamdiger
shitlist,shitl
double dong,double dong
niggor,nigor
motherfucked,motherfuckd
slimeball,slimeba
pusy,pusy
pedobear,pedobar
excrement,excrmnt
stagg,stag
hijack,hijack
sexkitten,sexkitn
hook,hok
phuq,phuq
servant,servant
gyppo,gypo
slopehead,slopehad
pud,pud
fingerfuck,fingeruck
dumbass,dumbas
williewanker,wileankr
fisting,fistng
crapper,crape
sixtyniner,sixtyner
fetish,fetish
two girls one cup,two girls one cup
threesome,thresom
bitchez,bitchez
manhater,manhter
pudd,pud
nympho,nympho
mothafuckin,mothafuckin
shitted,shited
hitlerist,hitlers
semen,semn
pi55,pi5
scissoring,sciorng
sodomise,sodmie
big tits,big tis
muffdiver,mufdiver
farty,farty
nsfw images,nsfw images
ecchi,echi
dirty sanchez,dirty sanchez
shite,shite
boom,bom
asshat,asht
fat,fat
intercourse,intercous
chav,chav
intheass,intheas
jacktheripper,jacktherip
felcher,felchr
spaghettibender,spaghetibndr
angry,angry
gaysex,gaysex
willy,wily
addict,adict
russki,ruski
slimebucket,slimebuckt
bogan,bogan
goodpoop,godp
fuckme,fuckme
shitcan,shitcan
brothel,brothel
rentafuck,rentafuck
footjob,fotjb
shitoutofluck,shitouflck
paki,paki
rump,rump
licker,licker
pindick,pindck
cockrider,cokride
geezer,gezr
balllicker,balicker
ponyplay,ponyla
fuckoff,fucko
jizzum,jizum
sadis,sadi
hodgie,hodgie
fatfucker,fatucker
tits,tis
bicurious,bicuros
bombs,boms
hork,hork
sooty,soty
clover clamps,clover clamps
spunky,spunky
nymphomania,nymphoai
playgirl,playgir
vietcong,vietcong
pecker,peckr
bitchslap,bitchslap
demon,demon
jihad,jihad
assjockey,asjockey
macaca,mac
kums,kums
kinky,kiny
pooper,poer
homicide,homicde
fuuck,fuck
poon,pon
fear,fear
shitfuck,shitfuck
tittie,tie
wanking,wankig
girl on top,girl top
fistfucker,fistucker
zoophilia,zophila
farted,farted
nigglings,nigls
hiscock,hiscok
erotism,erotism
honger,honger
meth,meth
beaner,beanr
kummer,kumer
geni,geni
whash,whas
fuckinnuts,fuckints
fuckin,fuckin
tainted love,tained love
kotex,kotex
suck,suck
butchdike,butchdike
datnigga,datnig
uterus,uters
execution,excution
trots,tros
roach,roach
swallow,swalo
motherfuck,motherfuck
blow,blow
ball gravy,bal gravy
slutwear,slutwear
panti,panti
kissass,kisa
shawtypimp,shawtypim
muffdive,mufdive
mulatto,mulato
wab,wab
banging,bangi
tunneloflove,tunelofv
doggystyle,dogystle
fuckwhore,fuckwhore
rapist,rapist
homobangers,hombangers
porno,porn
barfface,barfce
syphilis,syphil
pearlnecklace,pearlnck
sleezeball,slezba
sextoys,sextoy
assman,asmn
german,german
shagging,shagin
anilingus,anilgus
stupidfucker,stupidfcker
loadedgun,loadegun
beastial,beastil
shithead,shitead
asses,ase
pussylover,pusylover
niggah,nigah
gotohell,gothel
jigga,jiga
frotting,froting
fuckknob,fucknob
inthebuff,inthebuf
nawashi,nawshi
retarded,retad
mastabate,mastbe
kunnilingus,kunilgs
bung hole,bung hole
pee-pee,pe-
camwhore,camwhore
satan,satn
lowlife,lowife
tubgirl,tubgirl
fucks,fucks
blow your l,blow l
krap,krap
addicts,adicts
snatchpatch,snatchp
bra,bra
poontang,pontag
snatch,snatch
pussypounder,pusyonder
pu55i,pu5i
footaction,fotacin
footlicker,fotlicker
bimbos,bimos
mothafuckaz,mothafuckz
pussycat,pusycat
fucking,fucking
funfuck,funck
piece of shit,piec shit
boang,boang
nipple,niple
fuckit,fuckit
quim,quim
booty call,boty cal
slutting,sluting
coitus,coitus
spermherder,spermhd
raging boner,ragin boner
buttfucker,butfcker
quickie,quicke
grope,grope
skum,skum
rectum,rectum
honkers,honkers
chinky,chinky
dingleberry,dinglebry
shota,shota
hillbillies,hilbes
godammit,godamit
fugly,fugly
nasty,nasty
ejaculation,ejacultion
waysted,waysted
nastybitch,nastybich
camel toe,camel toe
strappado,strapdo
jew,jew
limpdick,limpdck
heroin,heroin
panty,panty
polack,polack
pornprincess,pornices
gonorrehea,gonreha
meatbeatter,meatbr
crotchmonkey,crothmnkey
topless,toples
foot fetish,fot fetish
uck,uck
whitenigger,whitengr
niger,niger
squaw,squaw
hand job,hand job
buttbang,butang
titty,tiy
gypo,gypo
defecate,defcat
kock,koc
niggaracci,nigarc
pussyfucker,pusyfcker
boobs,bos
ejaculated,ejacultd
shitface,shitface
autoerotic,autoeric
creamy,creamy
fckcum,fckum
knockers,knocers
fucck,fuck
whorehouse,whoreus
cocksmoker,coksmer
cocklover,coklver
assblaster,asblter
bombing,boming
hooters,hoters
forni,forni
kike,kie
hapa,hap
bazooms,bazoms
vulva,vula
racial,racil
fuckfreak,fuckrea
snot,snot
cuntsucker,cuntsker
fingerfucked,fingeruckd
scallywag,scalywg
pixy,pixy
mastabater,mastber
byatch,byatch
whigger,whiger
group sex,group sex
fucktard,fucktard
marijuana,marijun
filipina,filpna
asscowboy,ascowby
fatso,fatso
spit,spit
bazongas,bazongs
chickslick,chiksl
joint,joint
niggards,nigards
cockblocker,cokbler
gob,gob
lingerie,linger
anal,anl
headlights,headligts
dike,dike
pegging,pegin
taste my,tase
crack-whore,crak-whoe
lynch,lynch
tub girl,tub girl
homosexual,homsexual
fucked,fucked
showtime,showtime
lesbin,lesbin
nudger,nudger
boonga,bonga
choad,choad
tuckahoe,tuckahoe
fingerfucking,fingeruck
hijacker,hijacker
livesex,livesx
cocknob,coknb
nude,nude
hard core,hard core
fuckbag,fuckbag
hobo,hob
stupid,stupid
radicals,radicls
figging,fign
fuckfest,fuckest
hottotrot,hotr
kinbaku,kinbau
sexhouse,sexhou
violet wand,violet wand
analsex,anlsex
nittit,nit
jiz,jiz
suckmydick,suckmydi
pussies,pusie
hotdamn,hotdamn
assfucker,asfucker
jizim,jizm
rigger,rige
ethical slut,ethical slut
dolcett,dolcet
ejaculating,ejaculting
cumquat,cumqat
eatpussy,eatpusy
phuk,phuk
phukking,phuking
shiteater,shitear
hooker,hoker
cocksuck,coksu
ball kicking,bal kicng
fuckyou,fuckyo
feltching,feltching
ecstacy,ecstay
ribbed,ribed
dog style,dog style
interracial,interacl
tongue in a,tongue
pocha,pocha
skankywhore,skanywhore
pu55y,pu5y
motherfuckings,motherfuckings
piker,piker
peepshow,peshow
tongethruster,tongehrus
nigger's,niger's
breastlover,breastlov
stroke,stroke
twobitwhore,twobihre
shits,shit
jerkoff,jerkof
whacker,whacker
barf,barf
juggalo,jugalo
negro,negro
spick,spick
gyppy,gyp
nymph,nymph
lovemuscle,lovemusc
feces,fecs
booty,boty
niggers,nigers
shitter,shiter
sodomy,sodmy
hussy,husy
pisspig,pisg
coprophilia,coprhila
pimped,pimed
breast,breast
sperm,sperm
redlight,redlight
orga,orga
bumblefuck,bumlefck
slavedriver,slavedri
uptheass,uptheas
bestial,bestial
piccaninny,picany
jizjuice,jizuce
fuc,fuc
nignog,nigo
mgger,mger
sexing,sexing
virginbreaker,virgnbeak
samckdaddy,samckdy
heterosexual,hetrosxual
jigger,jiger
lovegun,lovegun
shitstain,shitan
spank,spank
hiv,hiv
lesbain,lesbain
sniggers,sniger
jizm,jizm
testicle,tesicl
ball sucking,bal sucking
dragqween,dragqwen
guro,guro
pubic,pubic
titfuckin,tifuckn
moneyshot,moneysht
camslut,camslut
bountybar,bountyar
assklown,asklown
cocky,coky
transsexual,transexul
unfuckable,unfckable
bestiality,bestialy
cocklicker,coklier
fcuk,fcuk
fkuc,fkuc
@ss,@s
$ex,$ex
&ex,&ex
b00bs,b0s
b00b$,b0$
a$$,a$
as$,as$
@$$,@$
a&&,a&
@&&,@&